{
  "users": [
    { "userId": 1, "username": "admin", "email": "admin@gmail.com", "password": "123456" }
  ],
  "lessons": [
    { "lessonId": 1, "lessonName": "Khái niệm cơ bản" },
    { "lessonId": 2, "lessonName": "Biển báo giao thông" }
  ],
  "questions": [
    {
      "questionId": 1,
      "lessonId": 1,
      "optionA": "Xe ô tô",
      "optionB": "Xe máy",
      "optionC": "Xe đạp",
      "optionD": "Tất cả đúng",
      "correctAnswer": "D",
      "explanation": "Tất cả là phương tiện giao thông",
      "imagePath": ""
    }
  ]
}
